feature_names,coefficient
weightA,179.5365276836992
priceCN,178.1196390371992
priceJP,97.26265528065908
USD_KR,70.0606373000302
importPriceJP,-55.91552678626932
importPriceUSA,-91.59033286348918
JPY_KR,-102.76951355424708
