feature_names,coefficient
weightA,255.16959481447626
priceJP,179.469766139889
priceCN,91.87646249691451
stock,41.97951010282713
USD_KR,27.92531971290701
priceUSA_TAIWAN,-28.06891849210469
importPriceUSA,-60.60452558403794
importPriceJP,-144.98536849137457
