feature_names,coefficient
USD_KR,190.8970476473294
priceJP,0.7640293762826836
gosi,0.3113773965538221
priceCN,-0.012755394459494909
JPY_KR,-26.523224154673024
stock,-50.341654076795926
