feature_names,coefficient
USD_KR,242.28221385882156
priceJP,0.7674450497962145
gosi,0.3059424609512017
priceCN,-0.008547749667520503
JPY_KR,-39.091202264638646
stock,-52.46961127520049
